brand,model
Baby Jogger,City Mini 2
Baby Jogger,City Mini Air
Baby Jogger,City Mini Double
Baby Jogger,City Mini GT2
Baby Jogger,City Mini GT2 Double
Baby Jogger,City Mini GT3
Baby Jogger,City Mini GT3 All-Terrain
Baby Jogger,City Mini GT3 Single
Baby Jogger,City Prix Jogger
Baby Jogger,City Prix Jogger x Bike Trailer
Baby Jogger,City Select 2
Baby Jogger,City Sights
Baby Jogger,City Tour 2
Baby Jogger,City Tour 2 Double
Baby Jogger,City Tour 2 Single
Baby Jogger,Summit X3
Baby Jogger,Summit X3 Double
Baby Jogger,Summit X3 Double Jogging
Baby Jogger,Summit X3 Single
Baby Jogger,Summit X3 Single Jogging
Baby Trend,Expedition 2-in-1
Baby Trend,Expedition Zero Flat Jogger with LED Lights
Babyzen,YOYO+
Bellini,Juno Auto-Folding
Bellini,Juno Compact Auto-Folding
BOB,Alterrain Pro
BOB,Rambler
BOB,Renegade Wagon
BOB,Revolution Flex 3.0
BOB,Revolution Flex 3.0 Duallie
BOB,Wayfinder
Britax,B-Clever
Britax,B-Lively
Britax,BOB - Wayfinder
Britax,Brook+ Modular Baby
Britax,Grove Modular
Britax,Juniper On-The-Go
Britax,Prism Modular
Bugaboo,Ant
Bugaboo,Bee 5
Bugaboo,Butterfly
Bugaboo,Butterfly 2
Bugaboo,Butterfly 2 Complete
Bugaboo,Butterfly Complete
Bugaboo,Donkey 3
Bugaboo,Donkey 5 Mono Single-to-Double
Bugaboo,Donkey 6
Bugaboo,Dragonfly
Bugaboo,Fox 2
Bugaboo,Fox 5
Bugaboo,Kangaroo
Bumbleride,Era
Bumbleride,Indie
Bumbleride,Indie Twin
Bumbleride,Indie Twin Double
Bumbleride,Indie Twin Double Jogging
Bumbleride,Speed
Chicco,BravoFor2 Standing/Sitting Double
Chicco,Bravo LE ClearTex Quick-Fold
Chicco,Bravo Quick-Fold
Chicco,Corso Flex Convertible
Chicco,Corso Primo Modular
Chicco,Cortina Together Double
Chicco,Presto Self-Folding
Chicco,TRE
Chicco,TRE Jogging
Cybex,e-Gazelle S
Cybex,LIBELLE Ultra Travel
CYBEX,Balios S Lux
CYBEX,Beezy
CYBEX,Coya
CYBEX,Eezy S Twist
CYBEX,Eos
CYBEX,Gazelle S
CYBEX,Melio
CYBEX,Mios
CYBEX,Priam
Delta,Children - Baby Gap 2-In-1 Carriage
Delta,Children - BabyGap Classic
Delta,Children - BabyGap Classic Side-by-Side Double
Delta,Gap Classic Umbrella
Delta,Jeep Adventureglyde
Delta Children,Icon Ultra Everyday & Travel
Delta Children,Jeep Aries
Delta Children,Jeep Sport
Delta Children,Jeep Sport All-Terrain
Delta Children,Jeep Wrangler Deluxe 4 Seater
DFY,R1
Doona,Liki Trike S3
Egg,Egg
Ergobaby,Metro 3
Ergobaby,Metro 3 Compact
Ergobaby,Metro 3 Deluxe Baby
Ergobaby,Metro 3 Travel
Ergobaby,Metro+ Deluxe
Ergobaby,Metro+ Deluxe Baby
Evenflo,Hummingbird Carbon Fiber
Evenflo,Hummingbird Carbon Fiber Lightweight
Evenflo,Pivot Xpand Modular
Evenflo,Pivot Xpand NXT
Evenflo,Pivot Xplore
Evenflo,Pivot Xplore All-Terrain
Evenflo,Shyft Intuiti+
Graco,FastAction Jogger LX
Graco,Merge
Graco,Modes Nest
Graco,Modes Nest2Grow
Graco,Modes Pramette
Graco,Outpace LX
Graco,Ready2Grow 2.0 Double
Graco,Ready2Grow LX 2.0 Double
Graco,Ready2Jet
Graco,Ready2Jet Compact
Guava Family,Roam
Guava Family,Roam Jogging
Ingenuity,3DSuite Modular
Inglesina,Quid³
Joie,Caraway Whirl
Joie,Chive
Joie,Chive Single to Double
Joie,Ginger
Joie,Ginger DLX
Joie,Hazel
Joie,Kava
Joie,Nutmeg
Joie,Poppy Whirl
Joie,Rosemary
Joie,Rosemary Double
Joie,Tansy
Joolz,Aer+
Joolz,Aer2
Joolz,Day
Joolz,Day+
Joolz,Day+ Complete
Joolz,Dot Ultra Travel
Joolz,Geo
Joolz,Hub
Joolz,Hub 2
Joovy,Caboose S
Joovy,Caboose Ultralight Graphite
Joovy,Qool
Joovy,Twin Roo+
Larktale,Caravan Coupe Quad
Larktale,Caravan Coupe V2
Larktale,Caravan Quad
Maxi-Cosi,Fame Modular
Maxi-Cosi,Lila
Maxi-Cosi,Oxford Cabin Travel
Maxi-Cosi,Tayla
Maxi-Cosi,Tayla Max Modular
Mercedes,Amg Gt² Single
Mercedes,Performance Single
Mima,Creo
Mima,Miro
Mima,Xari
Mima,Xari Sport
Mima,Zigi
Mockingbird,Single
Mockingbird,Single 3.0
Mockingbird,Single-to-Double
Mockingbird,Single-to-Double 3.0
Momcozy,ChangeGo Baby
Momcozy,Clickgo
Momcozy,ClickGo Lightweight
Mompush,Lithe Double
Mompush,Lithe V2
Mompush,Meteor 2
Mompush,Ultimate 2 Seat
Mompush,Velo Travel
Mompush,Wiz
Nuna,BMW x SWIV
Nuna,DEMI icon
Nuna,DEMI next
Nuna,MIXX next
Nuna,Mixx Next Bmw
Nuna,Mixx Next With Magnetic Buckle
Nuna,SWIV
Nuna,TAVO next
Nuna,Tavo Next Granite
Nuna,TRIV LX
Nuna,TRIV next
Nuna,Triv Next Bmw
Nuna,Triv Next With Magnetic Buckle Caviar/Chocolate
Nuna,Triv Next W Magnetic Buckle
Nuna,Trvl Double
Nuna,TRVL Dubl
Nuna,TRVL Easy Fold Compact
Nuna,TRVL lx
Nuna,VIAA Cabn
Nuna,x BMW MIXX next
Nuna,x BMW TRIV next
Nuna,x BMW TRVL lx
Orbit Baby,G5
Orbit Baby,M+
Orbit Baby,X5
Peg Perego,City Loop
Peg Perego,Selfie
Peg Perego,Vivace
Peg Perego,Vivace Single
Peg Perego,Volo
Peg Perego,Volo Ultra Carry On Compliant Travel
Peg Perego,Volo Ultra Carry On Compliant Travel Strolle
Peg Perego,YPSI
Peg Perego,Z4
Radio Flyer,Voya XT Baby
Romer,Tura
Safety 1st,Disney Baby Character Umbrella
Safety 1st,Easy-Fold
Safety 1st,Easy-Fold Compact
Safety 1st,Summit Quad Wagon
Silver Cross,Breez
Silver Cross,Clic
Silver Cross,Clic Compact
Silver Cross,Comet
Silver Cross,Cove 2
Silver Cross,Dune
Silver Cross,Dune 2
Silver Cross,Jet 5
Silver Cross,Jet Double
Silver Cross,Nia Travel
Silver Cross,Reef
Silver Cross,Reef 2
Silver Cross,Wave
Silver Cross,Wave 3
Silver Cross,Wave 3 Single to Double
Stokke,Yoyo 3
Thule,Chariot Cross 2 Double
Thule,Chariot Cross 2 Single
Thule,Chariot Sport 2 Double
Thule,Chariot Sport 2 Single
Thule,Glide 2
Thule,Sleek
Thule,Spring 2
Thule,Urban Glide 2
Thule,Urban Glide 2 Double
Thule,Urban Glide 3
Thule,Urban Glide 3 Double
Thule,Urban Glide 4-wheel
Thule,Urban Glide 4-Wheel Single Child
UPPAbaby,Cruz V2
UPPAbaby,Cruz V3
UPPAbaby,G-LUXE
UPPAbaby,Minu Duo
UPPAbaby,Minu Duo Side By Side Double
UPPAbaby,Minu V2
UPPAbaby,Minu V3
UPPAbaby,Ridge
UPPAbaby,Ridge V2
UPPAbaby,Vista V2
UPPAbaby,Vista V3
Veer,All-Terrain Cruiser
Veer,Cruiser
Veer,Cruiser City
Veer,Cruiser City XL Essentials
Veer,Cruiser Wagon Comfort Seat for Toddlers
Veer,Cruiser Wagon XL Comfort Seat for Toddlers
Veer,Cruiser XL Nap System
Veer,Switch&Jog
Veer,Switch&Jog Jogging
Veer,Switch&Roll
WonderFold,L2 Double 2-Seater
WonderFold,Volkswagon Special Edition Double
WonderFold,W2 Luxe Double
WonderFold,W4 Luxe Pro Quad
WonderFold Wagon,L2 Double
WonderFold Wagon,L4 Quad
WonderFold Wagon,VW Edition Quad
WonderFold Wagon,W2 Elite Pro
WonderFold Wagon,W2 Luxe Pro Double Seater
WonderFold Wagon,W4 Elite Pro
WonderFold Wagon,W4 Luxe Pro
WonderFold Wagon,W6 Luxe Pro
Zoe,The Journey
Zoe,Traveler
